{
  "classname": "CCNode",
  "name": null,
  "canedit": true,
  "objecttag": 10000,
  "rotation": 0,
  "scalex": 1,
  "scaley": 1,
  "visible": 1,
  "x": 0,
  "y": 0,
  "zorder": 1,
  "gameobjects": [
    {
      "__type": "ComGameObjectSurrogate:#EditorCommon.JsonModel",
      "classname": "CCNode",
      "name": null,
      "canedit": true,
      "objecttag": 10004,
      "rotation": 0,
      "scalex": 1,
      "scaley": 1,
      "visible": 1,
      "x": 240,
      "y": 160,
      "zorder": 1,
      "gameobjects": [
        {
          "__type": "ComGameObjectSurrogate:#EditorCommon.JsonModel",
          "classname": "CCNode",
          "name": null,
          "canedit": true,
          "objecttag": 10005,
          "rotation": 0,
          "scalex": 1,
          "scaley": 1,
          "visible": 1,
          "x": -239,
          "y": -160,
          "zorder": 1,
          "gameobjects": [
            {
              "__type": "ComGameObjectSurrogate:#EditorCommon.JsonModel",
              "classname": "CCNode",
              "name": null,
              "canedit": true,
              "objecttag": 10008,
              "rotation": 0,
              "scalex": 1,
              "scaley": 1,
              "visible": 1,
              "x": 245,
              "y": 376,
              "zorder": 1,
              "gameobjects": [],
              "components": [
                {
                  "__type": "ComParticleSystemSurrogate:#EditorCommon.JsonModel.Component",
                  "classname": "CCParticleSystemQuad",
                  "name": "CCParticleSystemQuad",
                  "file": null,
                  "fileData": {
                    "path": "plist/snow.plist",
                    "plistFile": null,
                    "resourceType": 0
                  }
                }
              ]
            }
          ],
          "components": [
            {
              "__type": "ComGUIAdapterSurrogate:#EditorCommon.JsonModel.Component",
              "classname": "GUIComponent",
              "name": "GUIComponent",
              "file": null,
              "fileData": {
                "path": "ui/hud_1.ExportJson",
                "plistFile": null,
                "resourceType": 0
              }
            }
          ]
        }
      ],
      "components": [
        {
          "__type": "ComSpriteSurrogate:#EditorCommon.JsonModel.Component",
          "classname": "CCSprite",
          "name": "CCSprite",
          "file": null,
          "fileData": {
            "path": "pic/bg.png",
            "plistFile": null,
            "resourceType": 0
          }
        }
      ]
    },
    {
      "__type": "ComGameObjectSurrogate:#EditorCommon.JsonModel",
      "classname": "CCNode",
      "name": null,
      "canedit": true,
      "objecttag": 10003,
      "rotation": 0,
      "scalex": 1,
      "scaley": 1,
      "visible": 1,
      "x": 371,
      "y": 27,
      "zorder": 1,
      "gameobjects": [],
      "components": [
        {
          "__type": "ComArmatureAdapterSurrogate:#EditorCommon.JsonModel.Component",
          "classname": "CCArmature",
          "name": "CCArmature",
          "file": null,
          "fileData": {
            "path": "an/iceman.ExportJson",
            "plistFile": null,
            "resourceType": 0
          },
          "selectedactionname": "hunt"
        }
      ]
    },
    {
      "__type": "ComGameObjectSurrogate:#EditorCommon.JsonModel",
      "classname": "CCNode",
      "name": null,
      "canedit": true,
      "objecttag": 10007,
      "rotation": 0,
      "scalex": 1,
      "scaley": 1,
      "visible": 1,
      "x": 210,
      "y": 14,
      "zorder": 1,
      "gameobjects": [],
      "components": [
        {
          "__type": "ComArmatureAdapterSurrogate:#EditorCommon.JsonModel.Component",
          "classname": "CCArmature",
          "name": "CCArmature",
          "file": null,
          "fileData": {
            "path": "wu/wu.ExportJson",
            "plistFile": null,
            "resourceType": 0
          },
          "selectedactionname": "Animation1"
        }
      ]
    }
  ],
  "CanvasSize": {
    "_height": 320,
    "_width": 480
  },
  "Version": "1.0.2.0",
  "components": [
    {
      "__type": "ComSceneSurrogate:#EditorCommon.JsonModel.Component",
      "classname": "CCScene",
      "name": "CCScene",
      "scenename": "gamefight"
    },
    {
      "__type": "ComSimpleAudioSurrogate:#EditorCommon.JsonModel.Component",
      "classname": "CCBackgroundAudio",
      "name": "CCBackgroundAudio",
      "file": null,
      "fileData": {
        "path": null,
        "plistFile": null,
        "resourceType": 0
      },
      "loop": 0
    }
  ]
}